{
  "1": {
    "startX": 0.5,
    "startY": 0.5,
    "scaleX": 2140,
    "scaleY": 2140,
    "rot": 0,
    "zPos": 15
  },
  "2": {
    "onlyUVOverrides": false,
    "xScale" : 4,
    "yScale" : 4,
    "vertices": [
      {
        "pos": [ -0.5, -0.5, 0 ],
        "uv": [ 0, 1 ]
      },
      {
        "pos": [ -0.5, 0.5, 0 ],
        "uv": [ 0, 0 ]
      },
      {
        "pos": [ 0.5, 0.5, 0 ],
        "uv": [ 1, 0 ]
      },
      {
        "pos": [ 0.5, -0.5, 0 ],
        "uv": [ 1, 1 ]
      }
    ],
    "indicies": [ 0, 1, 2, 2, 3, 0 ],
    "scale": 1,
    "image": "Resources\\images\\bg2.png"

  },
  "8": {
    "sounds": [
      {
        "name": ".\\Resources\\music\\intenseBackground.mp3",
        "loop": true,
        "volume": 50,
        "playEvents": [
          1000
        ]
      }
    ]
  }
}