{
  "1": {
    "startX": 0.5,
    "startY": 0.5,
    "scaleX": 15,
    "scaleY": 15,
    "rot": 0,
    "zPos": 5

  },
  "2": {
    "onlyUVOverrides": false,
    "xScale": 0.2,
    "yScale": 1,
    "vertices": [
      {
        "pos": [ -0.5, -0.5, 0 ],
        "uv": [ 0, 1 ]
      },
      {
        "pos": [ -0.5, 0.5, 0 ],
        "uv": [ 0, 0 ]
      },
      {
        "pos": [ 0.5, 0.5, 0 ],
        "uv": [ 1, 0 ]
      },
      {
        "pos": [ 0.5, -0.5, 0 ],
        "uv": [ 1, 1 ]
      }
    ],
    "indicies": [ 0, 1, 2, 2, 3, 0 ],
    "scale": 1,
    "image": "Resources\\images\\bullet.png"
  },
  "13": {
    "center": [ 0.0, 0.0, 0.0 ],
    "radius": 10,
    "trigger": true,
    "deleteOnCollison": true
  },
  "9": {
    "animationTime": 1,
    "speed": 500,
    "keepAliveTime": 2
  },
  "6": {
    "spriteSheetWidth": 5,
    "spriteSheetHeight": 1,
    "frameTime": 0.05
  },
  "8": {
    "sounds": [
      {
        "name": ".\\Resources\\sounds\\clang.mp3",
        "loop": false,
        "volume": 3,
        "pitchRange": [ 0.85, 1.15 ],
        "playEvents": [
          1000
        ]
      }
    ]
  }
}