{
  "5": {
    "speed": 17,
    "speedDelta": 5,
    "maxSpeed": 200,
    "startX": 0,
    "startY": 0,
    "startZ": 0
  },
  "1": {
    "startX": 0.5,
    "startY": 0.5,
    "scaleX": 1100,
    "scaleY": 1100,
    "rot": 0,
    "zPos": 50
  },
  "2": {
    "vertices" : [
    {
        "pos": [-0.5,-0.5,0],
        "uv": [0,1]
    },
    {
        "pos": [-0.5,0.5,0],
        "uv": [0,0]
    },
    {
        "pos": [0.5,0.5,0],
        "uv": [1,0]
    },
    {
        "pos": [0.5,-0.5,0],
        "uv": [1,1]
    }
    ],
    "indicies": [0, 1, 2, 2, 3, 0],
    "scale": 1,
    "image": ".Resources\\images\\bg_tiled.png"
  }
}