{
  "1": {
    "startX": -450.5,
    "startY": 384.5,
    "scaleX": 64,
    "scaleY": 64,
    "rot": 0,
    "zPos": 5
  },
  "2": {
    "onlyUVOverrides": false,
    "xScale" : 1,
    "yScale" : 1,
    "vertices": [
      {
        "pos": [ -0.5, -0.5, 0 ],
        "uv": [ 0, 1 ]
      },
      {
        "pos": [ -0.5, 0.5, 0 ],
        "uv": [ 0, 0 ]
      },
      {
        "pos": [ 0.5, 0.5, 0 ],
        "uv": [ 1, 0 ]
      },
      {
        "pos": [ 0.5, -0.5, 0 ],
        "uv": [ 1, 1 ]
      }
    ],
    "indicies": [ 0, 1, 2, 2, 3, 0 ],
    "image": "Resources\\images\\crosshairs.png"
  },
  "11": {

  }
}
