{
  "Prefabs": [
    {
      "prefab": "Resources\\json\\tile.json",
      "tag": "tile"
    },
    {
      "prefab": "Resources\\json\\5thSprite.json",
      "tag": "5thSprite"
    },
    {
      "prefab": "Resources\\json\\bg.json",
      "tag": "bg"
    },
    {
      "prefab": "Resources\\json\\bullet.json",
      "tag": "bullet"
    },
    {
      "prefab": "Resources\\json\\player.json",
      "tag": "player"
    },
    {
      "prefab": "Resources\\json\\enemy.json",
      "tag": "enemy"
    },
    {
      "prefab": "Resources\\json\\crosshairs.json",
      "tag": "crosshairs"
    }
  ],
  "Level": [
    {
      "object": "tile",
      "overrides": [
        {
          "1": {
            "startX": -1120,
            "startY": 0,
            "scaleX": 100,
            "scaleY": 2130,
            "rot": 0,
            "zPos": 10
          },
          "4": {
            "center": [ 0.0, -0.0, 0.0 ],
            "width": 100,
            "height": 2500,
            "trigger": false,
            "deleteOnCollison": false
          }
        }
      ]
    },
    {
      "object": "tile",
      "overrides": [
        {
          "1": {
            "startX": 1120,
            "startY": 0,
            "scaleX": 100,
            "scaleY": 2200,
            "rot": 0,
            "zPos": 10
          },
          "4": {
            "center": [ 0.0, -0.0, 0.0 ],
            "width": 100,
            "height": 2500,
            "trigger": false,
            "deleteOnCollison": false
          }
        }
      ]
    },
    {
      "object": "tile",
      "overrides": [
        {
          "1": {
            "startX": 0,
            "startY": 1120,
            "scaleX": 2130,
            "scaleY": 100,
            "rot": 0,
            "zPos": 10
          },
          "4": {
            "center": [ 0.0, -0.0, 0.0 ],
            "width": 2500,
            "height": 100,
            "trigger": false,
            "deleteOnCollison": false
          }
        }
      ]
    },
    {
      "object": "tile",
      "overrides": [
        {
          "1": {
            "startX": 0,
            "startY": -1120,
            "scaleX": 2130,
            "scaleY": 100,
            "rot": 0,
            "zPos": 10
          },
          "4": {
            "center": [ 0.0, -0.0, 0.0 ],
            "width": 2500,
            "height": 100,
            "trigger": false,
            "deleteOnCollison": false
          }
        }
      ]
    },
    {
      "object": "bg",
      "overrides": []
    },
    {
      "object": "player",
      "overrides": [
        {
          "1": {
            "startX": 0.0,
            "startY": 0.0,
            "scaleX": 64,
            "scaleY": 64,
            "rot": 0,
            "zPos": 5
          }
        }
      ]
    },
    {
      "object": "enemy",
      "overrides": [
        {
          "1": {
            "startX": 1000.0,
            "startY": 1000.0,
            "scaleX": 64,
            "scaleY": 64,
            "rot": 0,
            "zPos": 5
          }
        }
      ]
    },
    {
      "object": "enemy",
      "overrides": [
        {
          "1": {
            "startX": -1000.0,
            "startY": -1000.0,
            "scaleX": 64,
            "scaleY": 64,
            "rot": 0,
            "zPos": 5
          }
        }
      ]
    },
    {
      "object": "enemy",
      "overrides": [
        {
          "1": {
            "startX": 1000.0,
            "startY": -1000.0,
            "scaleX": 64,
            "scaleY": 64,
            "rot": 0,
            "zPos": 5
          }
        }
      ]
    },
    {
      "object": "enemy",
      "overrides": [
        {
          "1": {
            "startX": -1000.0,
            "startY": 1000.0,
            "scaleX": 64,
            "scaleY": 64,
            "rot": 0,
            "zPos": 5
          }
        }
      ]
    },
    {
      "object": "crosshairs",
      "overrides": []
    }
  ]
}



//-450.5,


//384.5,