{
  "1": {
    "startX": -800.5,
    "startY": 0.5,
    "scaleX": 1008,
    "scaleY": 16,
    "rot": 0,
    "zPos": 10
  },
  "2": {
    "vertices" : [
    {
        "pos": [-0.5,-0.5,0],
        "uv": [0,1]
    },
    {
        "pos": [-0.5,0.5,0],
        "uv": [0,0]
    },
    {
        "pos": [0.5,0.5,0],
        "uv": [63,0]
    },
    {
        "pos": [0.5,-0.5,0],
        "uv": [63,1]
    }
    ],
    "indicies": [0, 1, 2, 2, 3, 0],
    "scale": 1,
    "image": "Resources\\images\\floor.png"
  },
  "4": {
    "center": [0.0, 0.0, 0.0],
    "width": 1008,
    "height": 16,
    "trigger": false,
    "deleteOnCollison": false
  }
}