{
  "1": {
    "startX": 0.5,
    "startY": 0.5,
    "scaleX": 80,
    "scaleY": 80,
    "rot": 0,
    "zPos": 5
  },
  "2": {
    "onlyUVOverrides": false,
    "xScale": 0.5,
    "yScale": 0.25,
    "vertices": [
      {
        "pos": [ -0.5, -0.5, 0 ],
        "uv": [ 0, 1 ]
      },
      {
        "pos": [ -0.5, 0.5, 0 ],
        "uv": [ 0, 0 ]
      },
      {
        "pos": [ 0.5, 0.5, 0 ],
        "uv": [ 1, 0 ]
      },
      {
        "pos": [ 0.5, -0.5, 0 ],
        "uv": [ 1, 1 ]
      }
    ],
    "indicies": [ 0, 1, 2, 2, 3, 0 ],
    "image": "Resources\\images\\enemy_sprite_sheet.png"
  },
  "5": {
    "speed": 0,
    "speedDelta": 5000000,
    "maxSpeed": 0,
    "startX": 0,
    "startY": 0,
    "startZ": 0,
    "isMainCamera": true
  },
  "4": {
    "center": [ 0.0, 0.0, 0.0 ],
    "width": 40,
    "height": 50,
    "trigger": false,
    "deleteOnCollison": false
  },
  "6": {
    "spriteSheetWidth": 2,
    "spriteSheetHeight": 4,
    "animations": [
      {
        "name": "idlePlayerRight",
        "length": 2,
        "frameDuration": 1,
        "onIdle": true,
        "direction": "right"
      },
      {
        "name": "movingPlayerRight",
        "length": 2,
        "frameDuration": 0.25,
        "onMove": true,
        "direction": "right"
      },
      {
        "name": "idlePlayerLeft",
        "length": 2,
        "frameDuration": 1,
        "onIdle": true,
        "direction": "left"
      },
      {
        "name": "movingPlayerLeft",
        "length": 2,
        "frameDuration": 0.25,
        "onMove": true,
        "direction": "left"
      }
    ]
  },
  "7": {
    "playerSpeed": 350
  },
  "8": {
    "sounds": [
      {
        "name": ".\\Resources\\sounds\\walking.mp3",
        "loop": true,
        "volume": 60,
        "playEvents": [
          1001
        ],
        "stopEvents": [
          1002
        ]
      }
    ]
  },
  "10": {
    "bulletTypes": [
      {
        "fireRate": 1,
        "prefabTag": "bullet"
      }
    ]
  },
  "12": {
    "health": 10
  }
}
