{
  "Level": [
    {
      "prefab": "Resources\\json\\background_music.json",
      "tag": "background_music"
    },
    {
      "prefab": "Resources\\json\\player.json",
      "tag": "player"
    },
    {
      "prefab": "Resources\\json\\spike.json",
      "tag": "spike"
    },
    {
      "prefab": "Resources\\json\\floor.json",
      "tag": "floor"
    },
    {
      "prefab": "Resources\\json\\turret.json",
      "tag": "turret"
    },
    {
      "prefab": "Resources\\json\\camera.json",
      "tag": "camera"
    },
    {
      "prefab": "Resources\\json\\invin.json",
      "tag": "invin"
    },
    {
      "prefab": "Resources\\json\\slow.json",
      "tag": "slow"
    },
    {
      "prefab": "Resources\\json\\sign.json",
      "tag": "sign"
    }
  ]
}