{
  "1": {
    "startX": -270.0,
    "startY": 390.0,
    "scaleX": 64,
    "scaleY": 64,
    "rot": 0,
    "zPos": 20
  },
  "2": {
    "vertices" : [
    {
        "pos": [-0.5,-0.5,0],
        "uv": [0,1]
    },
    {
        "pos": [-0.5,0.5,0],
        "uv": [0,0]
    },
    {
        "pos": [0.5,0.5,0],
        "uv": [1,0]
    },
    {
        "pos": [0.5,-0.5,0],
        "uv": [1,1]
    }
    ],
    "indicies": [0, 1, 2, 2, 3, 0],
    "scale": 1,
    "image": "Resources\\images\\sign.png"

  }
}