{
  "1": {
    "startX": -300.5,
    "startY": 22.5,
    "scaleX": 33,
    "scaleY": 28,
    "rot": 0,
    "zPos": 5
  },
  "2": {
    "vertices" : [
    {
        "pos": [-0.5,-0.5,0],
        "uv": [0,1]
    },
    {
        "pos": [-0.5,0.5,0],
        "uv": [0,0]
    },
    {
        "pos": [0.5,0.5,0],
        "uv": [1.0001,0]
    },
    {
        "pos": [0.5,-0.5,0],
        "uv": [1.0001,1]
    }
    ],
    "indicies": [0, 1, 2, 2, 3, 0],
    "scale": 1,
    "image": "Resources\\images\\spike.png"

  },
  "3": {
    "vertices": [
        [-0.45,-0.45,0],
        [0.0,0.45,0],
        [0.45,-0.45,0]
    ],
    "trigger": true
  }
}