{
  "1": {
    "startX": -300.0,
    "startY": 300.0,
    "scaleX": 100,
    "scaleY": 100,
    "rot": 0,
    "zPos": 10
  },
  "2": {
    "onlyUVOverrides": false,
    "xScale": 1,
    "yScale": 1,
    "vertices": [
      {
        "pos": [ -0.5, -0.5, 0 ],
        "uv": [ 0, 1 ]
      },
      {
        "pos": [ -0.5, 0.5, 0 ],
        "uv": [ 0, 0 ]
      },
      {
        "pos": [ 0.5, 0.5, 0 ],
        "uv": [ 1, 0 ]
      },
      {
        "pos": [ 0.5, -0.5, 0 ],
        "uv": [ 1, 1 ]
      }
    ],
    "indicies": [ 0, 1, 2, 2, 3, 0 ],
    "image": "Resources\\images\\greyWall.png"

  },
  "4": {
    "center": [ 0.0, -0.0, 0.0 ],
    "width": 100,
    "height": 100,
    "trigger": false,
    "deleteOnCollison": false
  },
  "12": {
    "health": 100000000000
  }
}